atomic_number,symbol,element,antimatter_symbol,evidence_status,confidence,deviation_class,reference_id,notes
1,H,Hydrogen,overline(H),neutral anti-atom characterized,1.00,none,IUPACatomicnumber; IUPAC113118; Andresen2010; Andresen2011; ALPHA2017; Ahmadi2017Hyperfine; ALPHA2018; ALPHA2020Fine; Baker2021Cooling; Anderson2023; Akbari2025,"Classical position and symbol follow IUPAC. Antihydrogen is produced, trapped, spectroscopically characterized, laser cooled, and gravitationally tested in the cited ALPHA literature."
2,He,Helium,overline(He),antinucleus observed; neutral anti-atom open,0.65,status,IUPACatomicnumber; IUPAC113118; STAR2011; STAR2024,Classical position and symbol follow IUPAC. Antihelium nuclei are observed in the cited STAR literature; neutral antihelium atoms are not established in the cited literature.
3,Li,Lithium,overline(Li),CPT-expected; neutral anti-atom not realized,0.35,unknown,CPT framework; IUPACatomicnumber; IUPAC113118,Classical position and symbol follow IUPAC. Orbital structure is theoretically expected from the CPT framework; no neutral anti-atom realization is established in the cited literature.
4,Be,Beryllium,overline(Be),CPT-expected; neutral anti-atom not realized,0.35,unknown,CPT framework; IUPACatomicnumber; IUPAC113118,Classical position and symbol follow IUPAC. Orbital structure is theoretically expected from the CPT framework; no neutral anti-atom realization is established in the cited literature.
5,B,Boron,overline(B),CPT-expected; neutral anti-atom not realized,0.35,unknown,CPT framework; IUPACatomicnumber; IUPAC113118,Classical position and symbol follow IUPAC. Orbital structure is theoretically expected from the CPT framework; no neutral anti-atom realization is established in the cited literature.
6,C,Carbon,overline(C),CPT-expected; neutral anti-atom not realized,0.35,unknown,CPT framework; IUPACatomicnumber; IUPAC113118,Classical position and symbol follow IUPAC. Orbital structure is theoretically expected from the CPT framework; no neutral anti-atom realization is established in the cited literature.
7,N,Nitrogen,overline(N),CPT-expected; neutral anti-atom not realized,0.35,unknown,CPT framework; IUPACatomicnumber; IUPAC113118,Classical position and symbol follow IUPAC. Orbital structure is theoretically expected from the CPT framework; no neutral anti-atom realization is established in the cited literature.
8,O,Oxygen,overline(O),CPT-expected; neutral anti-atom not realized,0.35,unknown,CPT framework; IUPACatomicnumber; IUPAC113118,Classical position and symbol follow IUPAC. Orbital structure is theoretically expected from the CPT framework; no neutral anti-atom realization is established in the cited literature.
9,F,Fluorine,overline(F),CPT-expected; neutral anti-atom not realized,0.35,unknown,CPT framework; IUPACatomicnumber; IUPAC113118,Classical position and symbol follow IUPAC. Orbital structure is theoretically expected from the CPT framework; no neutral anti-atom realization is established in the cited literature.
10,Ne,Neon,overline(Ne),CPT-expected; neutral anti-atom not realized,0.35,unknown,CPT framework; IUPACatomicnumber; IUPAC113118,Classical position and symbol follow IUPAC. Orbital structure is theoretically expected from the CPT framework; no neutral anti-atom realization is established in the cited literature.
11,Na,Sodium,overline(Na),CPT-expected; neutral anti-atom not realized,0.20,unknown,CPT framework; IUPACatomicnumber; IUPAC113118,Classical position and symbol follow IUPAC. Higher anti-atoms remain a theoretical preparedness domain; no neutral anti-atom realization is established in the cited literature.
12,Mg,Magnesium,overline(Mg),CPT-expected; neutral anti-atom not realized,0.20,unknown,CPT framework; IUPACatomicnumber; IUPAC113118,Classical position and symbol follow IUPAC. Higher anti-atoms remain a theoretical preparedness domain; no neutral anti-atom realization is established in the cited literature.
13,Al,Aluminium,overline(Al),CPT-expected; neutral anti-atom not realized,0.20,unknown,CPT framework; IUPACatomicnumber; IUPAC113118,Classical position and symbol follow IUPAC. Higher anti-atoms remain a theoretical preparedness domain; no neutral anti-atom realization is established in the cited literature.
14,Si,Silicon,overline(Si),CPT-expected; neutral anti-atom not realized,0.20,unknown,CPT framework; IUPACatomicnumber; IUPAC113118,Classical position and symbol follow IUPAC. Higher anti-atoms remain a theoretical preparedness domain; no neutral anti-atom realization is established in the cited literature.
15,P,Phosphorus,overline(P),CPT-expected; neutral anti-atom not realized,0.20,unknown,CPT framework; IUPACatomicnumber; IUPAC113118,Classical position and symbol follow IUPAC. Higher anti-atoms remain a theoretical preparedness domain; no neutral anti-atom realization is established in the cited literature.
16,S,Sulfur,overline(S),CPT-expected; neutral anti-atom not realized,0.20,unknown,CPT framework; IUPACatomicnumber; IUPAC113118,Classical position and symbol follow IUPAC. Higher anti-atoms remain a theoretical preparedness domain; no neutral anti-atom realization is established in the cited literature.
17,Cl,Chlorine,overline(Cl),CPT-expected; neutral anti-atom not realized,0.20,unknown,CPT framework; IUPACatomicnumber; IUPAC113118,Classical position and symbol follow IUPAC. Higher anti-atoms remain a theoretical preparedness domain; no neutral anti-atom realization is established in the cited literature.
18,Ar,Argon,overline(Ar),CPT-expected; neutral anti-atom not realized,0.20,unknown,CPT framework; IUPACatomicnumber; IUPAC113118,Classical position and symbol follow IUPAC. Higher anti-atoms remain a theoretical preparedness domain; no neutral anti-atom realization is established in the cited literature.
19,K,Potassium,overline(K),CPT-expected; neutral anti-atom not realized,0.20,unknown,CPT framework; IUPACatomicnumber; IUPAC113118,Classical position and symbol follow IUPAC. Higher anti-atoms remain a theoretical preparedness domain; no neutral anti-atom realization is established in the cited literature.
20,Ca,Calcium,overline(Ca),CPT-expected; neutral anti-atom not realized,0.20,unknown,CPT framework; IUPACatomicnumber; IUPAC113118,Classical position and symbol follow IUPAC. Higher anti-atoms remain a theoretical preparedness domain; no neutral anti-atom realization is established in the cited literature.
21,Sc,Scandium,overline(Sc),CPT-expected; neutral anti-atom not realized,0.20,unknown,CPT framework; IUPACatomicnumber; IUPAC113118,Classical position and symbol follow IUPAC. Higher anti-atoms remain a theoretical preparedness domain; no neutral anti-atom realization is established in the cited literature.
22,Ti,Titanium,overline(Ti),CPT-expected; neutral anti-atom not realized,0.20,unknown,CPT framework; IUPACatomicnumber; IUPAC113118,Classical position and symbol follow IUPAC. Higher anti-atoms remain a theoretical preparedness domain; no neutral anti-atom realization is established in the cited literature.
23,V,Vanadium,overline(V),CPT-expected; neutral anti-atom not realized,0.20,unknown,CPT framework; IUPACatomicnumber; IUPAC113118,Classical position and symbol follow IUPAC. Higher anti-atoms remain a theoretical preparedness domain; no neutral anti-atom realization is established in the cited literature.
24,Cr,Chromium,overline(Cr),CPT-expected; neutral anti-atom not realized,0.20,unknown,CPT framework; IUPACatomicnumber; IUPAC113118,Classical position and symbol follow IUPAC. Higher anti-atoms remain a theoretical preparedness domain; no neutral anti-atom realization is established in the cited literature.
25,Mn,Manganese,overline(Mn),CPT-expected; neutral anti-atom not realized,0.20,unknown,CPT framework; IUPACatomicnumber; IUPAC113118,Classical position and symbol follow IUPAC. Higher anti-atoms remain a theoretical preparedness domain; no neutral anti-atom realization is established in the cited literature.
26,Fe,Iron,overline(Fe),CPT-expected; neutral anti-atom not realized,0.20,unknown,CPT framework; IUPACatomicnumber; IUPAC113118,Classical position and symbol follow IUPAC. Higher anti-atoms remain a theoretical preparedness domain; no neutral anti-atom realization is established in the cited literature.
27,Co,Cobalt,overline(Co),CPT-expected; neutral anti-atom not realized,0.20,unknown,CPT framework; IUPACatomicnumber; IUPAC113118,Classical position and symbol follow IUPAC. Higher anti-atoms remain a theoretical preparedness domain; no neutral anti-atom realization is established in the cited literature.
28,Ni,Nickel,overline(Ni),CPT-expected; neutral anti-atom not realized,0.20,unknown,CPT framework; IUPACatomicnumber; IUPAC113118,Classical position and symbol follow IUPAC. Higher anti-atoms remain a theoretical preparedness domain; no neutral anti-atom realization is established in the cited literature.
29,Cu,Copper,overline(Cu),CPT-expected; neutral anti-atom not realized,0.20,unknown,CPT framework; IUPACatomicnumber; IUPAC113118,Classical position and symbol follow IUPAC. Higher anti-atoms remain a theoretical preparedness domain; no neutral anti-atom realization is established in the cited literature.
30,Zn,Zinc,overline(Zn),CPT-expected; neutral anti-atom not realized,0.20,unknown,CPT framework; IUPACatomicnumber; IUPAC113118,Classical position and symbol follow IUPAC. Higher anti-atoms remain a theoretical preparedness domain; no neutral anti-atom realization is established in the cited literature.
31,Ga,Gallium,overline(Ga),CPT-expected; neutral anti-atom not realized,0.20,unknown,CPT framework; IUPACatomicnumber; IUPAC113118,Classical position and symbol follow IUPAC. Higher anti-atoms remain a theoretical preparedness domain; no neutral anti-atom realization is established in the cited literature.
32,Ge,Germanium,overline(Ge),CPT-expected; neutral anti-atom not realized,0.20,unknown,CPT framework; IUPACatomicnumber; IUPAC113118,Classical position and symbol follow IUPAC. Higher anti-atoms remain a theoretical preparedness domain; no neutral anti-atom realization is established in the cited literature.
33,As,Arsenic,overline(As),CPT-expected; neutral anti-atom not realized,0.20,unknown,CPT framework; IUPACatomicnumber; IUPAC113118,Classical position and symbol follow IUPAC. Higher anti-atoms remain a theoretical preparedness domain; no neutral anti-atom realization is established in the cited literature.
34,Se,Selenium,overline(Se),CPT-expected; neutral anti-atom not realized,0.20,unknown,CPT framework; IUPACatomicnumber; IUPAC113118,Classical position and symbol follow IUPAC. Higher anti-atoms remain a theoretical preparedness domain; no neutral anti-atom realization is established in the cited literature.
35,Br,Bromine,overline(Br),CPT-expected; neutral anti-atom not realized,0.20,unknown,CPT framework; IUPACatomicnumber; IUPAC113118,Classical position and symbol follow IUPAC. Higher anti-atoms remain a theoretical preparedness domain; no neutral anti-atom realization is established in the cited literature.
36,Kr,Krypton,overline(Kr),CPT-expected; neutral anti-atom not realized,0.20,unknown,CPT framework; IUPACatomicnumber; IUPAC113118,Classical position and symbol follow IUPAC. Higher anti-atoms remain a theoretical preparedness domain; no neutral anti-atom realization is established in the cited literature.
37,Rb,Rubidium,overline(Rb),CPT-expected; neutral anti-atom not realized,0.20,unknown,CPT framework; IUPACatomicnumber; IUPAC113118,Classical position and symbol follow IUPAC. Higher anti-atoms remain a theoretical preparedness domain; no neutral anti-atom realization is established in the cited literature.
38,Sr,Strontium,overline(Sr),CPT-expected; neutral anti-atom not realized,0.20,unknown,CPT framework; IUPACatomicnumber; IUPAC113118,Classical position and symbol follow IUPAC. Higher anti-atoms remain a theoretical preparedness domain; no neutral anti-atom realization is established in the cited literature.
39,Y,Yttrium,overline(Y),CPT-expected; neutral anti-atom not realized,0.20,unknown,CPT framework; IUPACatomicnumber; IUPAC113118,Classical position and symbol follow IUPAC. Higher anti-atoms remain a theoretical preparedness domain; no neutral anti-atom realization is established in the cited literature.
40,Zr,Zirconium,overline(Zr),CPT-expected; neutral anti-atom not realized,0.20,unknown,CPT framework; IUPACatomicnumber; IUPAC113118,Classical position and symbol follow IUPAC. Higher anti-atoms remain a theoretical preparedness domain; no neutral anti-atom realization is established in the cited literature.
41,Nb,Niobium,overline(Nb),CPT-expected; neutral anti-atom not realized,0.20,unknown,CPT framework; IUPACatomicnumber; IUPAC113118,Classical position and symbol follow IUPAC. Higher anti-atoms remain a theoretical preparedness domain; no neutral anti-atom realization is established in the cited literature.
42,Mo,Molybdenum,overline(Mo),CPT-expected; neutral anti-atom not realized,0.20,unknown,CPT framework; IUPACatomicnumber; IUPAC113118,Classical position and symbol follow IUPAC. Higher anti-atoms remain a theoretical preparedness domain; no neutral anti-atom realization is established in the cited literature.
43,Tc,Technetium,overline(Tc),CPT-expected; neutral anti-atom not realized,0.20,unknown,CPT framework; IUPACatomicnumber; IUPAC113118,Classical position and symbol follow IUPAC. Higher anti-atoms remain a theoretical preparedness domain; no neutral anti-atom realization is established in the cited literature.
44,Ru,Ruthenium,overline(Ru),CPT-expected; neutral anti-atom not realized,0.20,unknown,CPT framework; IUPACatomicnumber; IUPAC113118,Classical position and symbol follow IUPAC. Higher anti-atoms remain a theoretical preparedness domain; no neutral anti-atom realization is established in the cited literature.
45,Rh,Rhodium,overline(Rh),CPT-expected; neutral anti-atom not realized,0.20,unknown,CPT framework; IUPACatomicnumber; IUPAC113118,Classical position and symbol follow IUPAC. Higher anti-atoms remain a theoretical preparedness domain; no neutral anti-atom realization is established in the cited literature.
46,Pd,Palladium,overline(Pd),CPT-expected; neutral anti-atom not realized,0.20,unknown,CPT framework; IUPACatomicnumber; IUPAC113118,Classical position and symbol follow IUPAC. Higher anti-atoms remain a theoretical preparedness domain; no neutral anti-atom realization is established in the cited literature.
47,Ag,Silver,overline(Ag),CPT-expected; neutral anti-atom not realized,0.20,unknown,CPT framework; IUPACatomicnumber; IUPAC113118,Classical position and symbol follow IUPAC. Higher anti-atoms remain a theoretical preparedness domain; no neutral anti-atom realization is established in the cited literature.
48,Cd,Cadmium,overline(Cd),CPT-expected; neutral anti-atom not realized,0.20,unknown,CPT framework; IUPACatomicnumber; IUPAC113118,Classical position and symbol follow IUPAC. Higher anti-atoms remain a theoretical preparedness domain; no neutral anti-atom realization is established in the cited literature.
49,In,Indium,overline(In),CPT-expected; neutral anti-atom not realized,0.20,unknown,CPT framework; IUPACatomicnumber; IUPAC113118,Classical position and symbol follow IUPAC. Higher anti-atoms remain a theoretical preparedness domain; no neutral anti-atom realization is established in the cited literature.
50,Sn,Tin,overline(Sn),CPT-expected; neutral anti-atom not realized,0.20,unknown,CPT framework; IUPACatomicnumber; IUPAC113118,Classical position and symbol follow IUPAC. Higher anti-atoms remain a theoretical preparedness domain; no neutral anti-atom realization is established in the cited literature.
51,Sb,Antimony,overline(Sb),CPT-expected; neutral anti-atom not realized,0.20,unknown,CPT framework; IUPACatomicnumber; IUPAC113118,Classical position and symbol follow IUPAC. Higher anti-atoms remain a theoretical preparedness domain; no neutral anti-atom realization is established in the cited literature.
52,Te,Tellurium,overline(Te),CPT-expected; neutral anti-atom not realized,0.20,unknown,CPT framework; IUPACatomicnumber; IUPAC113118,Classical position and symbol follow IUPAC. Higher anti-atoms remain a theoretical preparedness domain; no neutral anti-atom realization is established in the cited literature.
53,I,Iodine,overline(I),CPT-expected; neutral anti-atom not realized,0.20,unknown,CPT framework; IUPACatomicnumber; IUPAC113118,Classical position and symbol follow IUPAC. Higher anti-atoms remain a theoretical preparedness domain; no neutral anti-atom realization is established in the cited literature.
54,Xe,Xenon,overline(Xe),CPT-expected; neutral anti-atom not realized,0.20,unknown,CPT framework; IUPACatomicnumber; IUPAC113118,Classical position and symbol follow IUPAC. Higher anti-atoms remain a theoretical preparedness domain; no neutral anti-atom realization is established in the cited literature.
55,Cs,Caesium,overline(Cs),CPT-expected; neutral anti-atom not realized,0.20,unknown,CPT framework; IUPACatomicnumber; IUPAC113118,Classical position and symbol follow IUPAC. Higher anti-atoms remain a theoretical preparedness domain; no neutral anti-atom realization is established in the cited literature.
56,Ba,Barium,overline(Ba),CPT-expected; neutral anti-atom not realized,0.20,unknown,CPT framework; IUPACatomicnumber; IUPAC113118,Classical position and symbol follow IUPAC. Higher anti-atoms remain a theoretical preparedness domain; no neutral anti-atom realization is established in the cited literature.
57,La,Lanthanum,overline(La),CPT-expected; neutral anti-atom not realized,0.20,unknown,CPT framework; IUPACatomicnumber; IUPAC113118,Classical position and symbol follow IUPAC. Higher anti-atoms remain a theoretical preparedness domain; no neutral anti-atom realization is established in the cited literature.
58,Ce,Cerium,overline(Ce),CPT-expected; neutral anti-atom not realized,0.20,unknown,CPT framework; IUPACatomicnumber; IUPAC113118,Classical position and symbol follow IUPAC. Higher anti-atoms remain a theoretical preparedness domain; no neutral anti-atom realization is established in the cited literature.
59,Pr,Praseodymium,overline(Pr),CPT-expected; neutral anti-atom not realized,0.20,unknown,CPT framework; IUPACatomicnumber; IUPAC113118,Classical position and symbol follow IUPAC. Higher anti-atoms remain a theoretical preparedness domain; no neutral anti-atom realization is established in the cited literature.
60,Nd,Neodymium,overline(Nd),CPT-expected; neutral anti-atom not realized,0.20,unknown,CPT framework; IUPACatomicnumber; IUPAC113118,Classical position and symbol follow IUPAC. Higher anti-atoms remain a theoretical preparedness domain; no neutral anti-atom realization is established in the cited literature.
61,Pm,Promethium,overline(Pm),CPT-expected; neutral anti-atom not realized,0.20,unknown,CPT framework; IUPACatomicnumber; IUPAC113118,Classical position and symbol follow IUPAC. Higher anti-atoms remain a theoretical preparedness domain; no neutral anti-atom realization is established in the cited literature.
62,Sm,Samarium,overline(Sm),CPT-expected; neutral anti-atom not realized,0.20,unknown,CPT framework; IUPACatomicnumber; IUPAC113118,Classical position and symbol follow IUPAC. Higher anti-atoms remain a theoretical preparedness domain; no neutral anti-atom realization is established in the cited literature.
63,Eu,Europium,overline(Eu),CPT-expected; neutral anti-atom not realized,0.20,unknown,CPT framework; IUPACatomicnumber; IUPAC113118,Classical position and symbol follow IUPAC. Higher anti-atoms remain a theoretical preparedness domain; no neutral anti-atom realization is established in the cited literature.
64,Gd,Gadolinium,overline(Gd),CPT-expected; neutral anti-atom not realized,0.20,unknown,CPT framework; IUPACatomicnumber; IUPAC113118,Classical position and symbol follow IUPAC. Higher anti-atoms remain a theoretical preparedness domain; no neutral anti-atom realization is established in the cited literature.
65,Tb,Terbium,overline(Tb),CPT-expected; neutral anti-atom not realized,0.20,unknown,CPT framework; IUPACatomicnumber; IUPAC113118,Classical position and symbol follow IUPAC. Higher anti-atoms remain a theoretical preparedness domain; no neutral anti-atom realization is established in the cited literature.
66,Dy,Dysprosium,overline(Dy),CPT-expected; neutral anti-atom not realized,0.20,unknown,CPT framework; IUPACatomicnumber; IUPAC113118,Classical position and symbol follow IUPAC. Higher anti-atoms remain a theoretical preparedness domain; no neutral anti-atom realization is established in the cited literature.
67,Ho,Holmium,overline(Ho),CPT-expected; neutral anti-atom not realized,0.20,unknown,CPT framework; IUPACatomicnumber; IUPAC113118,Classical position and symbol follow IUPAC. Higher anti-atoms remain a theoretical preparedness domain; no neutral anti-atom realization is established in the cited literature.
68,Er,Erbium,overline(Er),CPT-expected; neutral anti-atom not realized,0.20,unknown,CPT framework; IUPACatomicnumber; IUPAC113118,Classical position and symbol follow IUPAC. Higher anti-atoms remain a theoretical preparedness domain; no neutral anti-atom realization is established in the cited literature.
69,Tm,Thulium,overline(Tm),CPT-expected; neutral anti-atom not realized,0.20,unknown,CPT framework; IUPACatomicnumber; IUPAC113118,Classical position and symbol follow IUPAC. Higher anti-atoms remain a theoretical preparedness domain; no neutral anti-atom realization is established in the cited literature.
70,Yb,Ytterbium,overline(Yb),CPT-expected; neutral anti-atom not realized,0.20,unknown,CPT framework; IUPACatomicnumber; IUPAC113118,Classical position and symbol follow IUPAC. Higher anti-atoms remain a theoretical preparedness domain; no neutral anti-atom realization is established in the cited literature.
71,Lu,Lutetium,overline(Lu),CPT-expected; neutral anti-atom not realized,0.20,unknown,CPT framework; IUPACatomicnumber; IUPAC113118,Classical position and symbol follow IUPAC. Higher anti-atoms remain a theoretical preparedness domain; no neutral anti-atom realization is established in the cited literature.
72,Hf,Hafnium,overline(Hf),CPT-expected; neutral anti-atom not realized,0.20,unknown,CPT framework; IUPACatomicnumber; IUPAC113118,Classical position and symbol follow IUPAC. Higher anti-atoms remain a theoretical preparedness domain; no neutral anti-atom realization is established in the cited literature.
73,Ta,Tantalum,overline(Ta),CPT-expected; neutral anti-atom not realized,0.20,unknown,CPT framework; IUPACatomicnumber; IUPAC113118,Classical position and symbol follow IUPAC. Higher anti-atoms remain a theoretical preparedness domain; no neutral anti-atom realization is established in the cited literature.
74,W,Tungsten,overline(W),CPT-expected; neutral anti-atom not realized,0.20,unknown,CPT framework; IUPACatomicnumber; IUPAC113118,Classical position and symbol follow IUPAC. Higher anti-atoms remain a theoretical preparedness domain; no neutral anti-atom realization is established in the cited literature.
75,Re,Rhenium,overline(Re),CPT-expected; neutral anti-atom not realized,0.20,unknown,CPT framework; IUPACatomicnumber; IUPAC113118,Classical position and symbol follow IUPAC. Higher anti-atoms remain a theoretical preparedness domain; no neutral anti-atom realization is established in the cited literature.
76,Os,Osmium,overline(Os),CPT-expected; neutral anti-atom not realized,0.20,unknown,CPT framework; IUPACatomicnumber; IUPAC113118,Classical position and symbol follow IUPAC. Higher anti-atoms remain a theoretical preparedness domain; no neutral anti-atom realization is established in the cited literature.
77,Ir,Iridium,overline(Ir),CPT-expected; neutral anti-atom not realized,0.20,unknown,CPT framework; IUPACatomicnumber; IUPAC113118,Classical position and symbol follow IUPAC. Higher anti-atoms remain a theoretical preparedness domain; no neutral anti-atom realization is established in the cited literature.
78,Pt,Platinum,overline(Pt),CPT-expected; neutral anti-atom not realized,0.20,unknown,CPT framework; IUPACatomicnumber; IUPAC113118,Classical position and symbol follow IUPAC. Higher anti-atoms remain a theoretical preparedness domain; no neutral anti-atom realization is established in the cited literature.
79,Au,Gold,overline(Au),CPT-expected; neutral anti-atom not realized,0.20,unknown,CPT framework; IUPACatomicnumber; IUPAC113118,Classical position and symbol follow IUPAC. Higher anti-atoms remain a theoretical preparedness domain; no neutral anti-atom realization is established in the cited literature.
80,Hg,Mercury,overline(Hg),CPT-expected; neutral anti-atom not realized,0.20,unknown,CPT framework; IUPACatomicnumber; IUPAC113118,Classical position and symbol follow IUPAC. Higher anti-atoms remain a theoretical preparedness domain; no neutral anti-atom realization is established in the cited literature.
81,Tl,Thallium,overline(Tl),CPT-expected; neutral anti-atom not realized,0.20,unknown,CPT framework; IUPACatomicnumber; IUPAC113118,Classical position and symbol follow IUPAC. Higher anti-atoms remain a theoretical preparedness domain; no neutral anti-atom realization is established in the cited literature.
82,Pb,Lead,overline(Pb),CPT-expected; neutral anti-atom not realized,0.20,unknown,CPT framework; IUPACatomicnumber; IUPAC113118,Classical position and symbol follow IUPAC. Higher anti-atoms remain a theoretical preparedness domain; no neutral anti-atom realization is established in the cited literature.
83,Bi,Bismuth,overline(Bi),CPT-expected; neutral anti-atom not realized,0.20,unknown,CPT framework; IUPACatomicnumber; IUPAC113118,Classical position and symbol follow IUPAC. Higher anti-atoms remain a theoretical preparedness domain; no neutral anti-atom realization is established in the cited literature.
84,Po,Polonium,overline(Po),CPT-expected; neutral anti-atom not realized,0.20,unknown,CPT framework; IUPACatomicnumber; IUPAC113118,Classical position and symbol follow IUPAC. Higher anti-atoms remain a theoretical preparedness domain; no neutral anti-atom realization is established in the cited literature.
85,At,Astatine,overline(At),CPT-expected; neutral anti-atom not realized,0.20,unknown,CPT framework; IUPACatomicnumber; IUPAC113118,Classical position and symbol follow IUPAC. Higher anti-atoms remain a theoretical preparedness domain; no neutral anti-atom realization is established in the cited literature.
86,Rn,Radon,overline(Rn),CPT-expected; neutral anti-atom not realized,0.20,unknown,CPT framework; IUPACatomicnumber; IUPAC113118,Classical position and symbol follow IUPAC. Higher anti-atoms remain a theoretical preparedness domain; no neutral anti-atom realization is established in the cited literature.
87,Fr,Francium,overline(Fr),CPT-expected; neutral anti-atom not realized,0.20,unknown,CPT framework; IUPACatomicnumber; IUPAC113118,Classical position and symbol follow IUPAC. Higher anti-atoms remain a theoretical preparedness domain; no neutral anti-atom realization is established in the cited literature.
88,Ra,Radium,overline(Ra),CPT-expected; neutral anti-atom not realized,0.20,unknown,CPT framework; IUPACatomicnumber; IUPAC113118,Classical position and symbol follow IUPAC. Higher anti-atoms remain a theoretical preparedness domain; no neutral anti-atom realization is established in the cited literature.
89,Ac,Actinium,overline(Ac),CPT-expected; neutral anti-atom not realized,0.20,unknown,CPT framework; IUPACatomicnumber; IUPAC113118,Classical position and symbol follow IUPAC. Higher anti-atoms remain a theoretical preparedness domain; no neutral anti-atom realization is established in the cited literature.
90,Th,Thorium,overline(Th),CPT-expected; neutral anti-atom not realized,0.20,unknown,CPT framework; IUPACatomicnumber; IUPAC113118,Classical position and symbol follow IUPAC. Higher anti-atoms remain a theoretical preparedness domain; no neutral anti-atom realization is established in the cited literature.
91,Pa,Protactinium,overline(Pa),CPT-expected; neutral anti-atom not realized,0.20,unknown,CPT framework; IUPACatomicnumber; IUPAC113118,Classical position and symbol follow IUPAC. Higher anti-atoms remain a theoretical preparedness domain; no neutral anti-atom realization is established in the cited literature.
92,U,Uranium,overline(U),CPT-expected; neutral anti-atom not realized,0.20,unknown,CPT framework; IUPACatomicnumber; IUPAC113118,Classical position and symbol follow IUPAC. Higher anti-atoms remain a theoretical preparedness domain; no neutral anti-atom realization is established in the cited literature.
93,Np,Neptunium,overline(Np),CPT-expected; neutral anti-atom not realized,0.20,unknown,CPT framework; IUPACatomicnumber; IUPAC113118,Classical position and symbol follow IUPAC. Higher anti-atoms remain a theoretical preparedness domain; no neutral anti-atom realization is established in the cited literature.
94,Pu,Plutonium,overline(Pu),CPT-expected; neutral anti-atom not realized,0.20,unknown,CPT framework; IUPACatomicnumber; IUPAC113118,Classical position and symbol follow IUPAC. Higher anti-atoms remain a theoretical preparedness domain; no neutral anti-atom realization is established in the cited literature.
95,Am,Americium,overline(Am),CPT-expected; neutral anti-atom not realized,0.20,unknown,CPT framework; IUPACatomicnumber; IUPAC113118,Classical position and symbol follow IUPAC. Higher anti-atoms remain a theoretical preparedness domain; no neutral anti-atom realization is established in the cited literature.
96,Cm,Curium,overline(Cm),CPT-expected; neutral anti-atom not realized,0.20,unknown,CPT framework; IUPACatomicnumber; IUPAC113118,Classical position and symbol follow IUPAC. Higher anti-atoms remain a theoretical preparedness domain; no neutral anti-atom realization is established in the cited literature.
97,Bk,Berkelium,overline(Bk),CPT-expected; neutral anti-atom not realized,0.20,unknown,CPT framework; IUPACatomicnumber; IUPAC113118,Classical position and symbol follow IUPAC. Higher anti-atoms remain a theoretical preparedness domain; no neutral anti-atom realization is established in the cited literature.
98,Cf,Californium,overline(Cf),CPT-expected; neutral anti-atom not realized,0.20,unknown,CPT framework; IUPACatomicnumber; IUPAC113118,Classical position and symbol follow IUPAC. Higher anti-atoms remain a theoretical preparedness domain; no neutral anti-atom realization is established in the cited literature.
99,Es,Einsteinium,overline(Es),CPT-expected; neutral anti-atom not realized,0.20,unknown,CPT framework; IUPACatomicnumber; IUPAC113118,Classical position and symbol follow IUPAC. Higher anti-atoms remain a theoretical preparedness domain; no neutral anti-atom realization is established in the cited literature.
100,Fm,Fermium,overline(Fm),CPT-expected; neutral anti-atom not realized,0.20,unknown,CPT framework; IUPACatomicnumber; IUPAC113118,Classical position and symbol follow IUPAC. Higher anti-atoms remain a theoretical preparedness domain; no neutral anti-atom realization is established in the cited literature.
101,Md,Mendelevium,overline(Md),CPT-expected; neutral anti-atom not realized,0.20,unknown,CPT framework; IUPACatomicnumber; IUPAC113118,Classical position and symbol follow IUPAC. Higher anti-atoms remain a theoretical preparedness domain; no neutral anti-atom realization is established in the cited literature.
102,No,Nobelium,overline(No),CPT-expected; neutral anti-atom not realized,0.20,unknown,CPT framework; IUPACatomicnumber; IUPAC113118,Classical position and symbol follow IUPAC. Higher anti-atoms remain a theoretical preparedness domain; no neutral anti-atom realization is established in the cited literature.
103,Lr,Lawrencium,overline(Lr),CPT-expected; neutral anti-atom not realized,0.20,unknown,CPT framework; IUPACatomicnumber; IUPAC113118,Classical position and symbol follow IUPAC. Higher anti-atoms remain a theoretical preparedness domain; no neutral anti-atom realization is established in the cited literature.
104,Rf,Rutherfordium,overline(Rf),CPT-expected; neutral anti-atom not realized,0.20,unknown,CPT framework; IUPACatomicnumber; IUPAC113118,Classical position and symbol follow IUPAC. Higher anti-atoms remain a theoretical preparedness domain; no neutral anti-atom realization is established in the cited literature.
105,Db,Dubnium,overline(Db),CPT-expected; neutral anti-atom not realized,0.20,unknown,CPT framework; IUPACatomicnumber; IUPAC113118,Classical position and symbol follow IUPAC. Higher anti-atoms remain a theoretical preparedness domain; no neutral anti-atom realization is established in the cited literature.
106,Sg,Seaborgium,overline(Sg),CPT-expected; neutral anti-atom not realized,0.20,unknown,CPT framework; IUPACatomicnumber; IUPAC113118,Classical position and symbol follow IUPAC. Higher anti-atoms remain a theoretical preparedness domain; no neutral anti-atom realization is established in the cited literature.
107,Bh,Bohrium,overline(Bh),CPT-expected; neutral anti-atom not realized,0.20,unknown,CPT framework; IUPACatomicnumber; IUPAC113118,Classical position and symbol follow IUPAC. Higher anti-atoms remain a theoretical preparedness domain; no neutral anti-atom realization is established in the cited literature.
108,Hs,Hassium,overline(Hs),CPT-expected; neutral anti-atom not realized,0.20,unknown,CPT framework; IUPACatomicnumber; IUPAC113118,Classical position and symbol follow IUPAC. Higher anti-atoms remain a theoretical preparedness domain; no neutral anti-atom realization is established in the cited literature.
109,Mt,Meitnerium,overline(Mt),CPT-expected; neutral anti-atom not realized,0.20,unknown,CPT framework; IUPACatomicnumber; IUPAC113118,Classical position and symbol follow IUPAC. Higher anti-atoms remain a theoretical preparedness domain; no neutral anti-atom realization is established in the cited literature.
110,Ds,Darmstadtium,overline(Ds),CPT-expected; neutral anti-atom not realized,0.20,unknown,CPT framework; IUPACatomicnumber; IUPAC113118,Classical position and symbol follow IUPAC. Higher anti-atoms remain a theoretical preparedness domain; no neutral anti-atom realization is established in the cited literature.
111,Rg,Roentgenium,overline(Rg),CPT-expected; neutral anti-atom not realized,0.20,unknown,CPT framework; IUPACatomicnumber; IUPAC113118,Classical position and symbol follow IUPAC. Higher anti-atoms remain a theoretical preparedness domain; no neutral anti-atom realization is established in the cited literature.
112,Cn,Copernicium,overline(Cn),CPT-expected; neutral anti-atom not realized,0.20,unknown,CPT framework; IUPACatomicnumber; IUPAC113118,Classical position and symbol follow IUPAC. Higher anti-atoms remain a theoretical preparedness domain; no neutral anti-atom realization is established in the cited literature.
113,Nh,Nihonium,overline(Nh),CPT-expected; neutral anti-atom not realized,0.20,unknown,CPT framework; IUPACatomicnumber; IUPAC113118,Classical position and symbol follow IUPAC. Higher anti-atoms remain a theoretical preparedness domain; no neutral anti-atom realization is established in the cited literature.
114,Fl,Flerovium,overline(Fl),CPT-expected; neutral anti-atom not realized,0.20,unknown,CPT framework; IUPACatomicnumber; IUPAC113118,Classical position and symbol follow IUPAC. Higher anti-atoms remain a theoretical preparedness domain; no neutral anti-atom realization is established in the cited literature.
115,Mc,Moscovium,overline(Mc),CPT-expected; neutral anti-atom not realized,0.20,unknown,CPT framework; IUPACatomicnumber; IUPAC113118,Classical position and symbol follow IUPAC. Higher anti-atoms remain a theoretical preparedness domain; no neutral anti-atom realization is established in the cited literature.
116,Lv,Livermorium,overline(Lv),CPT-expected; neutral anti-atom not realized,0.20,unknown,CPT framework; IUPACatomicnumber; IUPAC113118,Classical position and symbol follow IUPAC. Higher anti-atoms remain a theoretical preparedness domain; no neutral anti-atom realization is established in the cited literature.
117,Ts,Tennessine,overline(Ts),CPT-expected; neutral anti-atom not realized,0.20,unknown,CPT framework; IUPACatomicnumber; IUPAC113118,Classical position and symbol follow IUPAC. Higher anti-atoms remain a theoretical preparedness domain; no neutral anti-atom realization is established in the cited literature.
118,Og,Oganesson,overline(Og),CPT-expected; neutral anti-atom not realized,0.20,unknown,CPT framework; IUPACatomicnumber; IUPAC113118,Classical position and symbol follow IUPAC. Higher anti-atoms remain a theoretical preparedness domain; no neutral anti-atom realization is established in the cited literature.
